id,school_name,program_name,faculty,required_subjects,minimum_points,duration,description,career_category,created_at,min_o_level_passes,min_a_level_passes,program_type,required_o_level_subjects,campus,min_required_subjects
71,University of Zimbabwe,BSc Computer Science,Science,"[""Mathematics"",""Physics""]",10,4 years,"Foundational degree in computing, algorithms and software development",Technology,1773752031,5,2,degree,,,
72,University of Zimbabwe,BSc Computer Information Systems,Commerce,"[""Mathematics"",""Accounts""]",10,4 years,Business-oriented IT degree combining computing with commerce,Technology,1773752031,5,2,degree,,,
73,University of Zimbabwe,MBChB Medicine & Surgery,Medicine,"[""Biology"",""Chemistry"",""Physics"",""Mathematics""]",15,5 years,"Full medical degree qualifying graduates as doctors. At least 3 of Biology, Chemistry, Physics, Mathematics.",Healthcare,1773752031,5,3,degree,,,3
74,University of Zimbabwe,LLB Bachelor of Laws,Law,"[""English Literature"",""History""]",10,4 years,Professional legal degree covering Zimbabwean and international law,Law,1773752031,5,2,degree,,,
75,University of Zimbabwe,BCom Accounting,Commerce,"[""Mathematics"",""Accounts""]",8,4 years,Professional accounting degree with ICAZ and ACCA exemptions,Business & Finance,1773752031,5,2,degree,,,
76,University of Zimbabwe,BSc Civil Engineering,Engineering,"[""Mathematics"",""Physics""]",12,5 years,Infrastructure and structural engineering degree,Engineering,1773752031,5,2,degree,,,
77,University of Zimbabwe,BSc Electrical Engineering,Engineering,"[""Mathematics"",""Physics""]",12,5 years,"Power systems, electronics and telecommunications engineering",Engineering,1773752031,5,2,degree,,,
78,University of Zimbabwe,BSc Agriculture,Agriculture,"[""Biology"",""Chemistry""]",8,4 years,"Crop science, animal science and agricultural economics",Agriculture,1773752031,5,2,degree,,,
79,University of Zimbabwe,BSc Psychology,Social Sciences,"[""Biology"",""English Literature""]",8,3 years,"Study of human behaviour, mental health and counselling",Social Sciences,1773752031,5,2,degree,,,
80,University of Zimbabwe,BA Journalism & Media Studies,Arts,"[""English Literature"",""History""]",8,3 years,"Media production, journalism ethics and communication theory",Media & Communication,1773752031,5,2,degree,,,
81,Bindura University of Science Education,BSc Computer Science,Science,"[""Mathematics"",""Physics""]",9,4 years,Computing degree with focus on science education integration,Technology,1773752031,5,2,degree,,,
82,Bindura University of Science Education,BEd Secondary Education (Mathematics),Education,"[""Mathematics"",""Physics""]",7,4 years,Train as a mathematics secondary school teacher,Education,1773752031,5,2,degree,,,
83,Bindura University of Science Education,BEd Secondary Education (Science),Education,"[""Biology"",""Chemistry""]",7,4 years,Train as a science secondary school teacher,Education,1773752031,5,2,degree,,,
84,Bindura University of Science Education,BSc Environmental Science,Science,"[""Biology"",""Geography""]",7,4 years,"Environmental management, conservation and sustainability",Agriculture,1773752031,5,2,degree,,,
85,Chinhoyi University of Technology,BEng Mechatronics,Engineering,"[""Mathematics"",""Physics""]",10,4 years,"Combination of mechanical, electrical and computing engineering",Engineering,1773752031,5,2,degree,,,
86,Chinhoyi University of Technology,BSc Information Technology,Technology,"[""Mathematics""]",8,4 years,"Practical IT degree covering networks, databases and software",Technology,1773752031,5,2,degree,,,
87,Chinhoyi University of Technology,BSc Agriculture,Agriculture,"[""Biology"",""Chemistry""]",7,4 years,Modern agricultural science and farm management,Agriculture,1773752031,5,2,degree,,,
88,National University of Science & Technology (NUST),BEng Civil Engineering,Engineering,"[""Mathematics"",""Physics""]",12,5 years,"Structural, geotechnical and highway engineering",Engineering,1773752031,5,2,degree,,,
89,National University of Science & Technology (NUST),BEng Electrical Engineering,Engineering,"[""Mathematics"",""Physics""]",12,5 years,"Power systems, control engineering and electronics",Engineering,1773752031,5,2,degree,,,
90,National University of Science & Technology (NUST),BSc Computer Science,Science,"[""Mathematics"",""Physics""]",10,4 years,Software engineering and computer systems at NUST,Technology,1773752031,5,2,degree,,,
91,National University of Science & Technology (NUST),BSc Nursing Science,Medicine,"[""Biology"",""Chemistry""]",8,4 years,Professional nursing degree training registered nurses,Healthcare,1773752031,5,2,degree,,,
92,Africa University,BBA Business Administration,Business,"[""Mathematics"",""Accounts""]",7,4 years,International business management and entrepreneurship,Business & Finance,1773752031,5,2,degree,,,
93,Africa University,BSc Computer Science,Science,"[""Mathematics""]",8,4 years,Computing science with an African development perspective,Technology,1773752031,5,2,degree,,,
94,Great Zimbabwe University,BEd Secondary Education (Commerce),Education,"[""Accounts"",""Commerce""]",7,4 years,Train as a commerce and accounts teacher,Education,1773752031,5,2,degree,,,
95,Great Zimbabwe University,BCom Tourism & Hospitality,Commerce,"[""Geography"",""English Literature""]",7,4 years,Tourism management and hospitality in Zimbabwe's rich heritage context,Business & Finance,1773752031,5,2,degree,,,
96,Great Zimbabwe University,BA Archaeology & Museum Studies,Humanities,"[""History"",""Geography""]",7,3 years,"Cultural heritage, museum curation and archaeological research",Social Sciences,1773752031,5,2,degree,,,
97,TelOne Centre for Learning,Bachelor of Engineering Honours Degree Telecommunications Engineering,Engineering,"[""Mathematics"",""Physics""]",,5 years,"A-Level Maths, Physics and a third science. 5 O-Levels inc English, Maths, Science.",Engineering,1773820276,5,2,degree,"[""English Language"",""Mathematics"",""Science""]",Harare,
98,TelOne Centre for Learning,Diploma in Telecommunications Engineering,Technology,[],,3 years,"HEXCO-certified. 5 O-Levels including English, Maths and a Science subject.",Technology,1773820276,5,0,diploma,"[""English Language"",""Mathematics"",""Science""]",Harare,
99,TelOne Centre for Learning,Diploma in Software Engineering,Technology,[],,3 years,"HEXCO-certified. 5 O-Levels including English, Maths and a Science subject.",Technology,1773820276,5,0,diploma,"[""English Language"",""Mathematics"",""Science""]",Harare,
100,TelOne Centre for Learning,Diploma in Cyber Security,Technology,[],,3 years,"HEXCO-certified. 5 O-Levels including English, Maths and a Science subject.",Technology,1773820276,5,0,diploma,"[""English Language"",""Mathematics"",""Science""]",Harare,
101,TelOne Centre for Learning,Diploma in Data Science,Technology,[],,3 years,"HEXCO-certified. 5 O-Levels including English, Maths and a Science subject.",Technology,1773820276,5,0,diploma,"[""English Language"",""Mathematics"",""Science""]",Harare,
102,TelOne Centre for Learning,Diploma in Computer Networking,Technology,[],,3 years,"HEXCO-certified. 5 O-Levels including English, Maths and a Science subject.",Technology,1773820276,5,0,diploma,"[""English Language"",""Mathematics"",""Science""]",Harare,
103,TelOne Centre for Learning,Diploma in Business Analytics,Business,[],,3 years,HEXCO-certified. 5 O-Levels including English and Mathematics.,Business & Finance,1773820276,5,0,diploma,"[""English Language"",""Mathematics""]",Harare,
104,TelOne Centre for Learning,Diploma in Financial Engineering,Business,[],,3 years,HEXCO-certified. 5 O-Levels including English and Mathematics.,Business & Finance,1773820276,5,0,diploma,"[""English Language"",""Mathematics""]",Harare,
105,TelOne Centre for Learning,Diploma in Digital Marketing,Business,[],,3 years,HEXCO-certified. 5 O-Levels including English and Mathematics.,Business & Finance,1773820276,5,0,diploma,"[""English Language"",""Mathematics""]",Harare,
106,TelOne Centre for Learning,Diploma in Telecommunications Engineering,Technology,[],,3 years,HEXCO-certified. Bulawayo campus.,Technology,1773820276,5,0,diploma,"[""English Language"",""Mathematics"",""Science""]",Bulawayo,
107,TelOne Centre for Learning,Diploma in Software Engineering,Technology,[],,3 years,HEXCO-certified. Bulawayo campus.,Technology,1773820276,5,0,diploma,"[""English Language"",""Mathematics"",""Science""]",Bulawayo,
108,TelOne Centre for Learning,Diploma in Digital Marketing,Business,[],,3 years,HEXCO-certified. Bulawayo campus.,Business & Finance,1773820276,5,0,diploma,"[""English Language"",""Mathematics""]",Bulawayo,
109,Harare Institute of Technology,BEng Industrial Engineering,Engineering,"[""Mathematics"",""Physics""]",11,4 years,"Process optimization, production planning and quality control",Engineering,1773752031,5,2,degree,"[""English Language"",""Mathematics"",""Science""]",Harare,
110,Harare Institute of Technology,BSc Information Security,Technology,"[""Mathematics"",""Physics""]",10,4 years,"Cybersecurity, ethical hacking and digital forensics",Technology,1773752031,5,2,degree,"[""English Language"",""Mathematics"",""Science""]",Harare,
111,Harare Institute of Technology,BSc Biotechnology,Science,"[""Biology"",""Chemistry""]",9,4 years,"Molecular biology, genetic engineering and bioinformatics",Healthcare,1773752031,5,2,degree,"[""English Language"",""Mathematics"",""Science""]",Harare,
112,Midlands State University,BSc Economics,Business,"[""Mathematics"",""Accounts""]",8,4 years,"Microeconomics, macroeconomics and quantitative methods",Business & Finance,1773752031,5,2,degree,"[""English Language"",""Mathematics""]",Gweru,
113,Midlands State University,BSc Geography & Environmental Studies,Science,"[""Geography"",""Biology""]",7,4 years,"Climate change, land use planning and resource management",Agriculture,1773752031,5,2,degree,"[""English Language"",""Mathematics"",""Geography""]",Gweru,
114,Midlands State University,BA English & Communication,Arts,"[""English Literature"",""History""]",6,3 years,"Media writing, public speaking and corporate communication",Media & Communication,1773752031,5,2,degree,"[""English Language""]",Gweru,
115,Lupane State University,BSc Animal Science,Agriculture,"[""Biology"",""Chemistry""]",7,4 years,"Livestock production, breeding and veterinary health",Agriculture,1773752031,5,2,degree,"[""English Language"",""Mathematics"",""Science""]",Lupane,
116,Lupane State University,BSc Forest Resources,Agriculture,"[""Biology"",""Geography""]",6,4 years,"Timber production, conservation and agroforestry",Agriculture,1773752031,5,2,degree,"[""English Language"",""Mathematics"",""Science""]",Lupane,
117,Lupane State University,BCom Supply Chain Management,Business,"[""Mathematics"",""Accounts""]",7,4 years,"Logistics, procurement and transport management",Business & Finance,1773752031,5,2,degree,"[""English Language"",""Mathematics""]",Lupane,
118,Zimbabwe Open University,BSc Education Management,Education,"[""English Literature"",""History""]",0,4 years,Distance learning: leadership in educational institutions,Education,1773752031,5,2,degree,"[""English Language""]",All Provinces,
119,Zimbabwe Open University,BCom Human Resources Management,Business,"[""Mathematics"",""Accounts""]",0,4 years,"Workforce planning, labor law and organizational behavior",Business & Finance,1773752031,5,2,degree,"[""English Language""]",All Provinces,
120,Zimbabwe Open University,Diploma in Library & Information Science,Humanities,[],0,2 years,"Records management, cataloguing and digital archiving",Social Sciences,1773752031,5,0,diploma,"[""English Language""]",All Provinces,
121,Masvingo Teachers' College,Diploma in Primary Education,Education,[],0,3 years,Primary school teaching (ECD to grade 7),Education,1773752031,5,0,diploma,"[""English Language"",""Mathematics""]",Masvingo,
122,Masvingo Teachers' College,Diploma in Early Childhood Development,Education,[],0,3 years,ECD teaching methods and childhood psychology,Education,1773752031,5,0,diploma,"[""English Language"",""Mathematics""]",Masvingo,
123,Mutare Teachers' College,Diploma in Secondary Education (Science),Education,[],0,3 years,Teaching sciences at secondary school level,Education,1773752031,5,0,diploma,"[""English Language"",""Mathematics"",""Science""]",Mutare,
124,Mutare Teachers' College,Diploma in Secondary Education (Arts),Education,[],0,3 years,Teaching humanities at secondary school level,Education,1773752031,5,0,diploma,"[""English Language"",""Mathematics""]",Mutare,
125,Bulawayo Polytechnic,National Diploma in Electrical Engineering,Engineering,[],0,3 years,"Industrial electrical systems, motors and PLCs",Engineering,1773752031,5,0,diploma,"[""English Language"",""Mathematics"",""Science""]",Bulawayo,
126,Bulawayo Polytechnic,National Diploma in Mechanical Engineering,Engineering,[],0,3 years,"Thermodynamics, machine design and manufacturing",Engineering,1773752031,5,0,diploma,"[""English Language"",""Mathematics"",""Science""]",Bulawayo,
127,Bulawayo Polytechnic,National Diploma in Civil Engineering,Engineering,[],0,3 years,"Construction technology, surveying and materials",Engineering,1773752031,5,0,diploma,"[""English Language"",""Mathematics"",""Science""]",Bulawayo,
128,Bulawayo Polytechnic,National Diploma in Marketing,Business,[],0,3 years,"Market research, branding and advertising",Business & Finance,1773752031,5,0,diploma,"[""English Language"",""Mathematics""]",Bulawayo,
129,Bulawayo Polytechnic,National Diploma in Human Resources,Business,[],0,3 years,"Recruitment, training and employee relations",Business & Finance,1773752031,5,0,diploma,"[""English Language"",""Mathematics""]",Bulawayo,
130,Harare Polytechnic,National Diploma in Computer Engineering,Technology,[],0,3 years,"Hardware, embedded systems and robotics",Technology,1773752031,5,0,diploma,"[""English Language"",""Mathematics"",""Science""]",Harare,
131,Harare Polytechnic,National Diploma in Graphic Design,Arts,[],0,3 years,"Visual communication, typography and digital media",Media & Communication,1773752031,5,0,diploma,"[""English Language""]",Harare,
132,Harare Polytechnic,National Diploma in Journalism,Arts,[],0,3 years,"News writing, ethics and broadcasting",Media & Communication,1773752031,5,0,diploma,"[""English Language""]",Harare,
133,Kwekwe Polytechnic,National Diploma in Chemical Engineering,Engineering,[],0,3 years,"Industrial chemistry, process control and safety",Engineering,1773752031,5,0,diploma,"[""English Language"",""Mathematics"",""Science""]",Kwekwe,
134,Kwekwe Polytechnic,National Diploma in Metallurgy,Engineering,[],0,3 years,"Mineral processing, extraction and refining",Engineering,1773752031,5,0,diploma,"[""English Language"",""Mathematics"",""Science""]",Kwekwe,
135,Masvingo Polytechnic,National Diploma in Hospitality Management,Business,[],0,3 years,"Hotel operations, catering and tourism",Business & Finance,1773752031,5,0,diploma,"[""English Language"",""Mathematics""]",Masvingo,
136,Masvingo Polytechnic,National Diploma in Fashion Design,Arts,[],0,3 years,"Garment construction, textiles and pattern making",Media & Communication,1773752031,5,0,diploma,"[""English Language""]",Masvingo,
137,Catholic University of Zimbabwe,BSc Community Health,Medicine,"[""Biology"",""Chemistry""]",8,4 years,"Public health, epidemiology and health promotion",Healthcare,1773752031,5,2,degree,"[""English Language"",""Mathematics"",""Science""]",Harare,
138,Catholic University of Zimbabwe,BSc Social Work,Social Sciences,"[""English Literature"",""History""]",6,4 years,"Child protection, counseling and community development",Social Sciences,1773752031,5,2,degree,"[""English Language""]",Harare,
139,Womens University in Africa,BSc Gender Studies,Social Sciences,"[""English Literature"",""History""]",6,4 years,"Gender equality, policy analysis and advocacy",Social Sciences,1773752031,5,2,degree,"[""English Language""]",Harare,
140,Womens University in Africa,BSc Development Studies,Social Sciences,"[""Geography"",""History""]",6,4 years,"Sustainable development, NGOs and project management",Social Sciences,1773752031,5,2,degree,"[""English Language""]",Harare,
141,Reformed Church University,BCom Retail Management,Business,"[""Mathematics"",""Accounts""]",6,4 years,"Store operations, merchandising and customer service",Business & Finance,1773752031,5,2,degree,"[""English Language"",""Mathematics""]",Masvingo,
142,Reformed Church University,BA Theology,Humanities,"[""English Literature"",""History""]",5,4 years,"Religious studies, pastoral care and church leadership",Social Sciences,1773752031,5,2,degree,"[""English Language""]",Masvingo,
143,Morgenster Teachers' College,Diploma in Primary Education,Education,[],0,3 years,Primary teacher training with focus on holistic education,Education,1773752031,5,0,diploma,"[""English Language"",""Mathematics""]",Masvingo,
144,Morgenster Teachers' College,Diploma in Special Needs Education,Education,[],0,3 years,"Inclusive education, disability support and remedial teaching",Education,1773752031,5,0,diploma,"[""English Language"",""Mathematics""]",Masvingo,
145,Mkoba Teachers' College,Diploma in Secondary Education (Commerce),Education,[],0,3 years,"Teaching accounting, business studies and commerce",Education,1773752031,5,0,diploma,"[""English Language"",""Mathematics""]",Gweru,
146,Mkoba Teachers' College,Diploma in Secondary Education (Geography),Education,[],0,3 years,"Teaching geography, mapwork and environmental science",Education,1773752031,5,0,diploma,"[""English Language"",""Geography""]",Gweru,
147,Zimbabwe Ezekiel Guti University,BSc Accounting,Business,"[""Mathematics"",""Accounts""]",7,4 years,"Financial accounting, auditing and taxation",Business & Finance,1773752031,5,2,degree,"[""English Language"",""Mathematics""]",Harare,
148,Zimbabwe Ezekiel Guti University,BSc Entrepreneurship,Business,"[""Mathematics"",""Accounts""]",6,4 years,"Business startup, innovation and small business management",Business & Finance,1773752031,5,2,degree,"[""English Language"",""Mathematics""]",Harare,
149,Bindura University of Science Education,BSc Food Science,Science,"[""Biology"",""Chemistry""]",7,4 years,"Food processing, safety and quality control",Agriculture,1773752031,5,2,degree,"[""English Language"",""Mathematics"",""Science""]",Bindura,
150,Bindura University of Science Education,BEd Early Childhood Education,Education,"[""English Literature"",""History""]",6,4 years,"ECD curriculum, child psychology and play-based learning",Education,1773752031,5,2,degree,"[""English Language"",""Mathematics""]",Bindura,
151,Chinhoyi University of Technology,BSc Risk Management,Business,"[""Mathematics"",""Accounts""]",7,4 years,"Insurance, corporate risk and financial security",Business & Finance,1773752031,5,2,degree,"[""English Language"",""Mathematics""]",Chinhoyi,
152,Chinhoyi University of Technology,BSc Forensic Science,Science,"[""Biology"",""Chemistry""]",8,4 years,"Crime scene investigation, DNA analysis and toxicology",Healthcare,1773752031,5,2,degree,"[""English Language"",""Mathematics"",""Science""]",Chinhoyi,
153,National University of Science & Technology (NUST),BEng Mining Engineering,Engineering,"[""Mathematics"",""Physics""]",12,5 years,"Mineral extraction, mine safety and geomechanics",Engineering,1773752031,5,2,degree,"[""English Language"",""Mathematics"",""Science""]",Bulawayo,
154,National University of Science & Technology (NUST),BSc Actuarial Science,Business,"[""Mathematics"",""Accounts""]",13,4 years,"Risk assessment, insurance mathematics and financial modeling",Business & Finance,1773752031,5,2,degree,"[""English Language"",""Mathematics""]",Bulawayo,
155,Africa University,BSc Agriculture,Agriculture,"[""Biology"",""Chemistry""]",7,4 years,"Sustainable farming, agribusiness and crop science",Agriculture,1773752031,5,2,degree,"[""English Language"",""Mathematics"",""Science""]",Mutare,
156,Africa University,Master of Business Administration,Business,"[""Management"",""Economics""]",0,2 years,Postgraduate business leadership and strategy,Business & Finance,1773752031,0,0,postgraduate,"[""Any relevant degree""]",Mutare,
157,Great Zimbabwe University,BSc Sports Science,Science,"[""Biology"",""Physical Education""]",6,4 years,"Coaching, exercise physiology and sports management",Healthcare,1773752031,5,2,degree,"[""English Language"",""Mathematics""]",Masvingo,
158,Great Zimbabwe University,BCom Human Resources,Business,"[""Mathematics"",""Accounts""]",6,4 years,"Employee relations, talent management and labor law",Business & Finance,1773752031,5,2,degree,"[""English Language"",""Mathematics""]",Masvingo,
159,TelOne Centre for Learning,Certificate in ICT,Technology,[],0,1 year,"Foundation IT skills, hardware and basic networking",Technology,1773820276,5,0,certificate,"[""English Language"",""Mathematics""]",Harare,
160,TelOne Centre for Learning,Certificate in Cybersecurity Basics,Technology,[],0,1 year,"Introduction to cyber threats, security tools and ethics",Technology,1773820276,5,0,certificate,"[""English Language"",""Mathematics""]",Bulawayo,
161,Harare Institute of Technology,BSc Business Information Systems,Business,"[""Mathematics"",""Accounts""]",9,4 years,"ERP systems, IT project management and business analysis",Business & Finance,1773752031,5,2,degree,"[""English Language"",""Mathematics""]",Harare,
162,Harare Institute of Technology,BEng Chemical Engineering,Engineering,"[""Mathematics"",""Physics"",""Chemistry""]",12,5 years,"Process design, thermodynamics and plant operations",Engineering,1773752031,5,2,degree,"[""English Language"",""Mathematics"",""Science""]",Harare,
163,Midlands State University,BSc Nursing,Medicine,"[""Biology"",""Chemistry""]",8,4 years,"Clinical nursing, patient care and hospital management",Healthcare,1773752031,5,2,degree,"[""English Language"",""Mathematics"",""Science""]",Gweru,
164,Midlands State University,BSc Criminology & Security Studies,Social Sciences,"[""History"",""English Literature""]",6,4 years,"Crime prevention, forensic psychology and private security",Social Sciences,1773752031,5,2,degree,"[""English Language""]",Gweru,
165,Lupane State University,BSc Wildlife Management,Agriculture,"[""Biology"",""Geography""]",6,4 years,"Game ranching, conservation and ecotourism",Agriculture,1773752031,5,2,degree,"[""English Language"",""Mathematics"",""Science""]",Lupane,
166,Lupane State University,BSc Sociology,Social Sciences,"[""English Literature"",""History""]",5,4 years,"Social inequality, family structures and community dynamics",Social Sciences,1773752031,5,2,degree,"[""English Language""]",Lupane,
167,Zimbabwe Open University,Diploma in Project Management,Business,[],0,2 years,"Project planning, monitoring and evaluation",Business & Finance,1773752031,5,0,diploma,"[""English Language"",""Mathematics""]",All Provinces,
168,Zimbabwe Open University,Diploma in Youth Development,Social Sciences,[],0,2 years,"Youth empowerment, policy and community programs",Social Sciences,1773752031,5,0,diploma,"[""English Language""]",All Provinces,
169,Bulawayo Polytechnic,National Diploma in Quantity Surveying,Engineering,[],0,3 years,"Cost estimation, contract management and building economics",Engineering,1773752031,5,0,diploma,"[""English Language"",""Mathematics"",""Science""]",Bulawayo,
170,Bulawayo Polytechnic,National Diploma in Library Studies,Humanities,[],0,3 years,"Cataloguing, digital libraries and information retrieval",Social Sciences,1773752031,5,0,diploma,"[""English Language""]",Bulawayo,
171,Harare Polytechnic,National Diploma in Architectural Technology,Engineering,[],0,3 years,"Building design, CAD software and construction drawing",Engineering,1773752031,5,0,diploma,"[""English Language"",""Mathematics"",""Science""]",Harare,
172,Harare Polytechnic,National Diploma in Travel & Tourism,Business,[],0,3 years,"Tour operations, ticketing and destination marketing",Business & Finance,1773752031,5,0,diploma,"[""English Language"",""Mathematics""]",Harare,
173,Kwekwe Polytechnic,National Diploma in Geoinformation Technology,Technology,[],0,3 years,"GIS mapping, remote sensing and spatial analysis",Technology,1773752031,5,0,diploma,"[""English Language"",""Mathematics"",""Geography""]",Kwekwe,
174,Kwekwe Polytechnic,National Diploma in Food Technology,Science,[],0,3 years,"Food processing, preservation and quality assurance",Agriculture,1773752031,5,0,diploma,"[""English Language"",""Mathematics"",""Science""]",Kwekwe,
175,Masvingo Polytechnic,National Diploma in Secretarial Studies,Business,[],0,3 years,"Office administration, shorthand and records management",Business & Finance,1773752031,5,0,diploma,"[""English Language"",""Mathematics""]",Masvingo,
176,Masvingo Polytechnic,National Diploma in Clothing & Textile Technology,Arts,[],0,3 years,"Garment manufacturing, textile science and fashion design",Media & Communication,1773752031,5,0,diploma,"[""English Language""]",Masvingo,
177,Catholic University of Zimbabwe,BSc Peace & Governance,Social Sciences,"[""History"",""English Literature""]",6,4 years,"Conflict resolution, human rights and democracy",Social Sciences,1773752031,5,2,degree,"[""English Language""]",Harare,
178,Catholic University of Zimbabwe,BSc Environmental Health,Medicine,"[""Biology"",""Chemistry""]",8,4 years,"Sanitation, pollution control and occupational health",Healthcare,1773752031,5,2,degree,"[""English Language"",""Mathematics"",""Science""]",Harare,
179,Womens University in Africa,BSc Information Technology,Technology,"[""Mathematics""]",7,4 years,"Women-focused IT skills, coding and systems analysis",Technology,1773752031,5,2,degree,"[""English Language"",""Mathematics""]",Harare,
180,Womens University in Africa,BSc Counseling Psychology,Social Sciences,"[""Biology"",""English Literature""]",6,4 years,"Therapeutic counseling, mental health and trauma support",Healthcare,1773752031,5,2,degree,"[""English Language""]",Harare,
181,Reformed Church University,BCom Project Management,Business,"[""Mathematics"",""Accounts""]",6,4 years,"Project lifecycle, budgeting and stakeholder management",Business & Finance,1773752031,5,2,degree,"[""English Language"",""Mathematics""]",Masvingo,
182,Reformed Church University,BA Ethics & Development,Humanities,"[""English Literature"",""History""]",5,4 years,"Moral philosophy, community development and leadership",Social Sciences,1773752031,5,2,degree,"[""English Language""]",Masvingo,
183,Mutare Teachers' College,Diploma in Physical Education,Education,[],0,3 years,"Sports coaching, health education and recreation",Education,1773752031,5,0,diploma,"[""English Language"",""Mathematics""]",Mutare,
184,Mutare Teachers' College,Diploma in Music Education,Education,[],0,3 years,"Teaching music theory, performance and curriculum integration",Education,1773752031,5,0,diploma,"[""English Language""]",Mutare,
185,Bindura University of Science Education,BSc Physics,Science,"[""Mathematics"",""Physics""]",9,4 years,"Theoretical physics, electronics and material science",Science,1773752031,5,2,degree,"[""English Language"",""Mathematics"",""Science""]",Bindura,
186,Bindura University of Science Education,BSc Chemistry,Science,"[""Chemistry"",""Physics""]",9,4 years,"Analytical chemistry, organic synthesis and lab management",Science,1773752031,5,2,degree,"[""English Language"",""Mathematics"",""Science""]",Bindura,
187,Chinhoyi University of Technology,BSc Artificial Intelligence,Technology,"[""Mathematics"",""Physics""]",10,4 years,"Machine learning, NLP and AI ethics",Technology,1773752031,5,2,degree,"[""English Language"",""Mathematics"",""Science""]",Chinhoyi,
188,Chinhoyi University of Technology,BEng Agricultural Engineering,Engineering,"[""Mathematics"",""Physics""]",8,4 years,"Farm machinery, irrigation systems and post-harvest tech",Engineering,1773752031,5,2,degree,"[""English Language"",""Mathematics"",""Science""]",Chinhoyi,
189,National University of Science & Technology (NUST),BSc Medical Laboratory Science,Medicine,"[""Biology"",""Chemistry""]",11,4 years,"Clinical pathology, hematology and diagnostic testing",Healthcare,1773752031,5,2,degree,"[""English Language"",""Mathematics"",""Science""]",Bulawayo,
190,National University of Science & Technology (NUST),BSc Urban Planning,Social Sciences,"[""Geography"",""Mathematics""]",8,4 years,"Land use, zoning regulations and sustainable cities",Engineering,1773752031,5,2,degree,"[""English Language"",""Mathematics"",""Geography""]",Bulawayo,
191,Africa University,BSc Public Health,Medicine,"[""Biology"",""Chemistry""]",8,4 years,"Epidemiology, health policy and community intervention",Healthcare,1773752031,5,2,degree,"[""English Language"",""Mathematics"",""Science""]",Mutare,
192,Africa University,BSc Peace & Security,Social Sciences,"[""History"",""English Literature""]",7,4 years,"International relations, conflict early warning and peacekeeping",Social Sciences,1773752031,5,2,degree,"[""English Language""]",Mutare,
193,Great Zimbabwe University,BSc Heritage Studies,Humanities,"[""History"",""Geography""]",6,4 years,"Cultural heritage management, museums and oral traditions",Social Sciences,1773752031,5,2,degree,"[""English Language"",""History""]",Masvingo,
194,Great Zimbabwe University,BSc Library & Information Science,Humanities,"[""English Literature"",""History""]",5,4 years,"Digital archiving, knowledge management and librarianship",Social Sciences,1773752031,5,2,degree,"[""English Language""]",Masvingo,
195,TelOne Centre for Learning,Advanced Diploma in Network Security,Technology,[],0,2 years,"Firewalls, intrusion detection and ethical hacking",Technology,1773820276,5,0,diploma,"[""Diploma in IT or equivalent""]",Harare,
196,TelOne Centre for Learning,Advanced Diploma in Software Development,Technology,[],0,2 years,"Full-stack development, agile methods and DevOps",Technology,1773820276,5,0,diploma,"[""Diploma in IT or equivalent""]",Harare,
197,Harare Institute of Technology,BSc Data Science,Technology,"[""Mathematics"",""Physics""]",10,4 years,"Big data analytics, statistical modeling and visualization",Technology,1773752031,5,2,degree,"[""English Language"",""Mathematics"",""Science""]",Harare,
198,Harare Institute of Technology,BSc Renewable Energy Engineering,Engineering,"[""Mathematics"",""Physics""]",9,4 years,"Solar, wind and bioenergy systems",Engineering,1773752031,5,2,degree,"[""English Language"",""Mathematics"",""Science""]",Harare,
199,Midlands State University,BSc Hotel Management,Business,"[""English Literature"",""Geography""]",6,4 years,"Front office, food & beverage and events management",Business & Finance,1773752031,5,2,degree,"[""English Language"",""Mathematics""]",Gweru,
200,Midlands State University,BA Film & Theatre Arts,Arts,"[""English Literature"",""History""]",6,4 years,"Directing, scriptwriting and stage production",Media & Communication,1773752031,5,2,degree,"[""English Language""]",Gweru,
201,Lupane State University,BSc Agribusiness,Agriculture,"[""Mathematics"",""Accounts""]",6,4 years,"Farm management, agricultural marketing and value chains",Agriculture,1773752031,5,2,degree,"[""English Language"",""Mathematics""]",Lupane,
202,Lupane State University,BA Language & Communication,Arts,"[""English Literature"",""History""]",5,4 years,"Linguistics, translation and interpersonal communication",Social Sciences,1773752031,5,2,degree,"[""English Language""]",Lupane,
203,Zimbabwe Open University,Diploma in Monitoring & Evaluation,Business,[],0,2 years,"M&E frameworks, data collection and impact assessment",Business & Finance,1773752031,5,0,diploma,"[""English Language"",""Mathematics""]",All Provinces,
204,Zimbabwe Open University,Certificate in Business Management,Business,[],0,1 year,"Entrepreneurship, small business operations and customer care",Business & Finance,1773752031,5,0,certificate,"[""English Language""]",All Provinces,
205,Bulawayo Polytechnic,National Diploma in Automation Engineering,Engineering,[],0,3 years,"PLC programming, robotics and industrial control",Engineering,1773752031,5,0,diploma,"[""English Language"",""Mathematics"",""Science""]",Bulawayo,
206,Bulawayo Polytechnic,National Diploma in Pharmacy Technology,Medicine,[],0,3 years,"Dispensing, drug safety and pharmaceutical calculations",Healthcare,1773752031,5,0,diploma,"[""English Language"",""Mathematics"",""Science""]",Bulawayo,
207,Harare Polytechnic,National Diploma in Radio & TV Production,Arts,[],0,3 years,"Broadcasting, editing and studio operations",Media & Communication,1773752031,5,0,diploma,"[""English Language""]",Harare,
208,Harare Polytechnic,National Diploma in Interior Design,Arts,[],0,3 years,"Space planning, materials and residential design",Media & Communication,1773752031,5,0,diploma,"[""English Language""]",Harare,
209,Kwekwe Polytechnic,National Diploma in Mine Surveying,Engineering,[],0,3 years,"Surveying instruments, mine mapping and safety compliance",Engineering,1773752031,5,0,diploma,"[""English Language"",""Mathematics"",""Science""]",Kwekwe,
210,Kwekwe Polytechnic,National Diploma in Analytical Chemistry,Science,[],0,3 years,"Instrumentation, quality control and environmental analysis",Science,1773752031,5,0,diploma,"[""English Language"",""Mathematics"",""Science""]",Kwekwe,
211,Masvingo Polytechnic,National Diploma in Public Relations,Business,[],0,3 years,"Corporate communications, crisis management and branding",Media & Communication,1773752031,5,0,diploma,"[""English Language""]",Masvingo,
212,Masvingo Polytechnic,National Diploma in Applied Art,Arts,[],0,3 years,"Sculpture, painting and digital art",Media & Communication,1773752031,5,0,diploma,"[""English Language""]",Masvingo,
213,Catholic University of Zimbabwe,BSc Psychology,Social Sciences,"[""Biology"",""English Literature""]",7,4 years,"Clinical, organizational and community psychology",Healthcare,1773752031,5,2,degree,"[""English Language""]",Harare,
214,Catholic University of Zimbabwe,BSc Disaster Management,Social Sciences,"[""Geography"",""History""]",6,4 years,"Emergency response, humanitarian logistics and recovery",Social Sciences,1773752031,5,2,degree,"[""English Language"",""Geography""]",Harare,
215,Womens University in Africa,BSc Sociology,Social Sciences,"[""English Literature"",""History""]",5,4 years,"Gender, family studies and social policy",Social Sciences,1773752031,5,2,degree,"[""English Language""]",Harare,
216,Womens University in Africa,BA Media Studies,Arts,"[""English Literature"",""History""]",6,4 years,"Digital media, journalism and public communication",Media & Communication,1773752031,5,2,degree,"[""English Language""]",Harare,
217,Reformed Church University,BSc Agricultural Economics,Agriculture,"[""Mathematics"",""Accounts""]",6,4 years,"Farm finance, policy and rural development",Agriculture,1773752031,5,2,degree,"[""English Language"",""Mathematics""]",Masvingo,
218,Reformed Church University,BSc Community Development,Social Sciences,"[""English Literature"",""History""]",5,4 years,"NGO management, fundraising and grassroots projects",Social Sciences,1773752031,5,2,degree,"[""English Language""]",Masvingo,
219,Bindura University of Science Education,BSc Mathematics,Science,"[""Mathematics"",""Physics""]",8,4 years,"Pure and applied mathematics, statistics and modeling",Science,1773752031,5,2,degree,"[""English Language"",""Mathematics"",""Science""]",Bindura,
220,Bindura University of Science Education,BEd Technical Education,Education,"[""Mathematics"",""Physics""]",7,4 years,"Teaching woodwork, metalwork and technical drawing",Education,1773752031,5,2,degree,"[""English Language"",""Mathematics"",""Science""]",Bindura,
221,Chinhoyi University of Technology,BSc Supply Chain Management,Business,"[""Mathematics"",""Accounts""]",7,4 years,"Procurement, inventory and logistics systems",Business & Finance,1773752031,5,2,degree,"[""English Language"",""Mathematics""]",Chinhoyi,
222,Chinhoyi University of Technology,BEng Software Engineering,Technology,"[""Mathematics"",""Physics""]",9,4 years,"Software design, testing and project management",Technology,1773752031,5,2,degree,"[""English Language"",""Mathematics"",""Science""]",Chinhoyi,
223,National University of Science & Technology (NUST),BSc Radiography,Medicine,"[""Biology"",""Physics""]",11,4 years,"Medical imaging, X-ray and MRI technology",Healthcare,1773752031,5,2,degree,"[""English Language"",""Mathematics"",""Science""]",Bulawayo,
224,National University of Science & Technology (NUST),BSc Industrial Psychology,Social Sciences,"[""Mathematics"",""English Literature""]",7,4 years,"Employee motivation, organizational development and HR",Business & Finance,1773752031,5,2,degree,"[""English Language"",""Mathematics""]",Bulawayo,
225,Africa University,BSc Nutrition & Dietetics,Medicine,"[""Biology"",""Chemistry""]",8,4 years,"Clinical nutrition, community health and food service",Healthcare,1773752031,5,2,degree,"[""English Language"",""Mathematics"",""Science""]",Mutare,
226,Africa University,BSc Economics,Business,"[""Mathematics"",""Accounts""]",8,4 years,"Development economics, trade policy and econometrics",Business & Finance,1773752031,5,2,degree,"[""English Language"",""Mathematics""]",Mutare,
227,Great Zimbabwe University,BSc Music & Performance,Arts,"[""English Literature"",""History""]",5,4 years,"Music production, ethnomusicology and performance",Media & Communication,1773752031,5,2,degree,"[""English Language""]",Masvingo,
228,Great Zimbabwe University,BCom Marketing,Business,"[""Mathematics"",""Accounts""]",6,4 years,"Digital marketing, consumer behavior and brand strategy",Business & Finance,1773752031,5,2,degree,"[""English Language"",""Mathematics""]",Masvingo,
229,TelOne Centre for Learning,Short Course in Python Programming,Technology,[],0,3 months,"Introductory coding, data structures and automation",Technology,1773820276,0,0,short_course,"[""Basic computer literacy""]",Online,
230,TelOne Centre for Learning,Short Course in Cybersecurity Awareness,Technology,[],0,2 months,"Phishing, password security and safe browsing",Technology,1773820276,0,0,short_course,"[""None""]",Online,
231,Harare Institute of Technology,BSc Nanotechnology,Science,"[""Physics"",""Chemistry""]",11,4 years,"Materials science, quantum dots and medical applications",Technology,1773752031,5,2,degree,"[""English Language"",""Mathematics"",""Science""]",Harare,
232,Harare Institute of Technology,BEng Biomedical Engineering,Engineering,"[""Biology"",""Physics""]",12,4 years,"Medical devices, prosthetics and imaging systems",Engineering,1773752031,5,2,degree,"[""English Language"",""Mathematics"",""Science""]",Harare,
233,Midlands State University,BSc Public Administration,Social Sciences,"[""English Literature"",""History""]",5,4 years,"Government policy, public finance and administration",Social Sciences,1773752031,5,2,degree,"[""English Language""]",Gweru,
234,Midlands State University,BSc International Relations,Social Sciences,"[""History"",""English Literature""]",6,4 years,"Diplomacy, global governance and foreign policy",Social Sciences,1773752031,5,2,degree,"[""English Language""]",Gweru,
235,Lupane State University,BSc Fisheries & Aquaculture,Agriculture,"[""Biology"",""Chemistry""]",6,4 years,"Fish farming, pond management and hatchery tech",Agriculture,1773752031,5,2,degree,"[""English Language"",""Mathematics"",""Science""]",Lupane,
236,Lupane State University,BSc Information Systems,Technology,"[""Mathematics"",""Accounts""]",7,4 years,"Database design, systems analysis and IT strategy",Technology,1773752031,5,2,degree,"[""English Language"",""Mathematics""]",Lupane,
237,Zimbabwe Open University,Diploma in NGO Management,Social Sciences,[],0,2 years,"Funding proposals, volunteer coordination and M&E",Social Sciences,1773752031,5,0,diploma,"[""English Language""]",All Provinces,
238,Zimbabwe Open University,Certificate in ICT,Technology,[],0,1 year,"MS Office, internet basics and email communication",Technology,1773752031,5,0,certificate,"[""English Language""]",All Provinces,
239,Bulawayo Polytechnic,National Diploma in Furniture Design,Arts,[],0,3 years,"Woodworking, joinery and CAD furniture design",Media & Communication,1773752031,5,0,diploma,"[""English Language""]",Bulawayo,
240,Bulawayo Polytechnic,National Diploma in Dental Assisting,Medicine,[],0,3 years,"Chairside assistance, sterilization and patient care",Healthcare,1773752031,5,0,diploma,"[""English Language"",""Mathematics"",""Science""]",Bulawayo,
241,Harare Polytechnic,National Diploma in Leather Technology,Science,[],0,3 years,"Tanning, finishing and leather product manufacturing",Agriculture,1773752031,5,0,diploma,"[""English Language"",""Mathematics"",""Science""]",Harare,
242,Harare Polytechnic,National Diploma in Business Administration,Business,[],0,3 years,"Office management, communication and record keeping",Business & Finance,1773752031,5,0,diploma,"[""English Language"",""Mathematics""]",Harare,
243,Kwekwe Polytechnic,National Diploma in Jewellery Design,Arts,[],0,3 years,"Metalworking, gem setting and casting",Media & Communication,1773752031,5,0,diploma,"[""English Language""]",Kwekwe,
244,Kwekwe Polytechnic,National Diploma in Industrial Microbiology,Science,[],0,3 years,"Fermentation, sterility testing and lab safety",Science,1773752031,5,0,diploma,"[""English Language"",""Mathematics"",""Science""]",Kwekwe,
245,Masvingo Polytechnic,National Diploma in Accounting,Business,[],0,3 years,"Bookkeeping, financial statements and tax",Business & Finance,1773752031,5,0,diploma,"[""English Language"",""Mathematics""]",Masvingo,
246,Masvingo Polytechnic,National Diploma in Human Resources Management,Business,[],0,3 years,"Recruitment, performance management and labor relations",Business & Finance,1773752031,5,0,diploma,"[""English Language"",""Mathematics""]",Masvingo,
247,Catholic University of Zimbabwe,BSc Economics,Commerce,"[""Mathematics"",""Accounts""]",8,4 years,"Micro/macroeconomics, development finance and policy",Business & Finance,1773752031,5,2,degree,"[""English Language"",""Mathematics""]",Harare,
248,Catholic University of Zimbabwe,BSc Philosophy & Ethics,Humanities,"[""English Literature"",""History""]",5,4 years,"Moral reasoning, critical thinking and applied ethics",Social Sciences,1773752031,5,2,degree,"[""English Language""]",Harare,
249,Womens University in Africa,BSc Entrepreneurship,Business,"[""Mathematics"",""Accounts""]",6,4 years,"Business planning, venture capital and SME growth",Business & Finance,1773752031,5,2,degree,"[""English Language"",""Mathematics""]",Harare,
250,Womens University in Africa,BSc Environmental Management,Science,"[""Biology"",""Geography""]",7,4 years,"Conservation, EIA and natural resource governance",Agriculture,1773752031,5,2,degree,"[""English Language"",""Mathematics"",""Science""]",Harare,
251,Reformed Church University,BCom Banking & Finance,Business,"[""Mathematics"",""Accounts""]",7,4 years,"Credit analysis, investment and risk management",Business & Finance,1773752031,5,2,degree,"[""English Language"",""Mathematics""]",Masvingo,
252,Reformed Church University,BA History & Heritage,Humanities,"[""History"",""English Literature""]",5,4 years,"Archives, oral history and cultural tourism",Social Sciences,1773752031,5,2,degree,"[""English Language"",""History""]",Masvingo,
253,Bindura University of Science Education,BSc Biotechnology,Science,"[""Biology"",""Chemistry""]",9,4 years,"Genetic engineering, bioinformatics and research",Technology,1773752031,5,2,degree,"[""English Language"",""Mathematics"",""Science""]",Bindura,
254,Bindura University of Science Education,BSc Statistics,Science,"[""Mathematics"",""Physics""]",8,4 years,"Data analysis, probability and econometric modeling",Science,1773752031,5,2,degree,"[""English Language"",""Mathematics"",""Science""]",Bindura,
255,Chinhoyi University of Technology,BSc Tourism Management,Business,"[""Geography"",""English Literature""]",6,4 years,"Destination marketing, tour operations and hospitality",Business & Finance,1773752031,5,2,degree,"[""English Language"",""Mathematics""]",Chinhoyi,
256,Chinhoyi University of Technology,BSc Quantity Surveying,Engineering,"[""Mathematics"",""Physics""]",9,4 years,"Cost planning, contract admin and construction law",Engineering,1773752031,5,2,degree,"[""English Language"",""Mathematics"",""Science""]",Chinhoyi,
257,National University of Science & Technology (NUST),BSc Physiotherapy,Medicine,"[""Biology"",""Physics""]",11,4 years,"Rehabilitation, movement science and patient care",Healthcare,1773752031,5,2,degree,"[""English Language"",""Mathematics"",""Science""]",Bulawayo,
258,National University of Science & Technology (NUST),BSc Urban Design,Social Sciences,"[""Geography"",""Mathematics""]",8,4 years,"Public spaces, landscape architecture and planning",Engineering,1773752031,5,2,degree,"[""English Language"",""Mathematics"",""Geography""]",Bulawayo,
259,Africa University,BSc Social Work,Social Sciences,"[""English Literature"",""History""]",6,4 years,"Child protection, counseling and community practice",Social Sciences,1773752031,5,2,degree,"[""English Language""]",Mutare,
260,Africa University,BSc Information Systems,Technology,"[""Mathematics"",""Accounts""]",7,4 years,"ERP systems, database management and IT consulting",Technology,1773752031,5,2,degree,"[""English Language"",""Mathematics""]",Mutare,
261,Great Zimbabwe University,BSc Property Valuation,Commerce,"[""Mathematics"",""Accounts""]",7,4 years,"Real estate appraisal, investment and facilities mgt",Business & Finance,1773752031,5,2,degree,"[""English Language"",""Mathematics""]",Masvingo,
262,Great Zimbabwe University,BSc Geophysics,Science,"[""Physics"",""Mathematics""]",8,4 years,"Seismic exploration, mineral prospecting and remote sensing",Engineering,1773752031,5,2,degree,"[""English Language"",""Mathematics"",""Science""]",Masvingo,
263,TelOne Centre for Learning,Diploma in Cloud Computing,Technology,[],0,3 years,"AWS, Azure, virtualization and cloud security",Technology,1773820276,5,0,diploma,"[""English Language"",""Mathematics"",""Science""]",Harare,
264,TelOne Centre for Learning,Certificate in Web Design,Technology,[],0,1 year,"HTML, CSS, JavaScript and responsive design",Technology,1773820276,5,0,certificate,"[""English Language"",""Mathematics""]",Online,
265,Harare Institute of Technology,BSc Artificial Intelligence & Robotics,Technology,"[""Mathematics"",""Physics""]",12,4 years,"Computer vision, autonomous systems and deep learning",Technology,1773752031,5,2,degree,"[""English Language"",""Mathematics"",""Science""]",Harare,
266,Harare Institute of Technology,BSc Petroleum Engineering,Engineering,"[""Chemistry"",""Physics""]",13,5 years,"Drilling, reservoir engineering and refining",Engineering,1773752031,5,2,degree,"[""English Language"",""Mathematics"",""Science""]",Harare,
267,Midlands State University,BSc Library & Information Science,Humanities,"[""English Literature"",""History""]",5,4 years,"Digital libraries, cataloguing and knowledge mgt",Social Sciences,1773752031,5,2,degree,"[""English Language""]",Gweru,
268,Midlands State University,BSc Occupational Therapy,Medicine,"[""Biology"",""Psychology""]",10,4 years,"Rehabilitation, ergonomics and mental health",Healthcare,1773752031,5,2,degree,"[""English Language"",""Mathematics"",""Science""]",Gweru,
269,Lupane State University,BSc Crop Science,Agriculture,"[""Biology"",""Chemistry""]",7,4 years,"Plant breeding, soil science and pest management",Agriculture,1773752031,5,2,degree,"[""English Language"",""Mathematics"",""Science""]",Lupane,
270,Lupane State University,BSc Rural Development,Social Sciences,"[""Geography"",""History""]",5,4 years,"Community projects, infrastructure and local governance",Social Sciences,1773752031,5,2,degree,"[""English Language""]",Lupane,
271,Zimbabwe Open University,Diploma in Early Childhood Education,Education,[],0,2 years,"ECD curriculum, child psychology and play-based learning",Education,1773752031,5,0,diploma,"[""English Language"",""Mathematics""]",All Provinces,
272,Zimbabwe Open University,Certificate in Entrepreneurship,Business,[],0,1 year,"Business ideas, funding and small business mgt",Business & Finance,1773752031,5,0,certificate,"[""English Language""]",All Provinces,
273,Bulawayo Polytechnic,National Diploma in Chemical Technology,Science,[],0,3 years,"Industrial chemistry, QC and lab analysis",Science,1773752031,5,0,diploma,"[""English Language"",""Mathematics"",""Science""]",Bulawayo,
274,Bulawayo Polytechnic,National Diploma in Environmental Health,Medicine,[],0,3 years,"Sanitation, pollution control and food safety",Healthcare,1773752031,5,0,diploma,"[""English Language"",""Mathematics"",""Science""]",Bulawayo,
275,Harare Polytechnic,National Diploma in Film & Video Production,Arts,[],0,3 years,"Camera, editing, sound and lighting",Media & Communication,1773752031,5,0,diploma,"[""English Language""]",Harare,
276,Harare Polytechnic,National Diploma in Office Management,Business,[],0,3 years,"Reception, minutes, filing and event coordination",Business & Finance,1773752031,5,0,diploma,"[""English Language"",""Mathematics""]",Harare,
277,Kwekwe Polytechnic,National Diploma in Welding & Fabrication,Engineering,[],0,3 years,"Arc welding, blueprint reading and metal fab",Engineering,1773752031,5,0,diploma,"[""English Language"",""Mathematics"",""Science""]",Kwekwe,
278,Kwekwe Polytechnic,National Diploma in Refrigeration & Aircon,Engineering,[],0,3 years,"HVAC systems, refrigerants and repair",Engineering,1773752031,5,0,diploma,"[""English Language"",""Mathematics"",""Science""]",Kwekwe,
279,Masvingo Polytechnic,National Diploma in Business Computing,Technology,[],0,3 years,"Spreadsheets, databases and office IT",Technology,1773752031,5,0,diploma,"[""English Language"",""Mathematics""]",Masvingo,
280,Masvingo Polytechnic,National Diploma in Hospitality & Catering,Business,[],0,3 years,"Food prep, service, hygiene and menu planning",Business & Finance,1773752031,5,0,diploma,"[""English Language"",""Mathematics""]",Masvingo,
281,Solusi University,BSc Business Management,Business,"[""Mathematics"",""Accounts""]",6,4 years,"Leadership, ethics and organizational behavior",Business & Finance,1773752031,5,2,degree,"[""English Language"",""Mathematics""]",Bulawayo,
282,Solusi University,BA Theology & Ministry,Humanities,"[""English Literature"",""History""]",5,4 years,"Pastoral counseling, preaching and biblical studies",Social Sciences,1773752031,5,2,degree,"[""English Language""]",Bulawayo,
283,Solusi University,BSc Agriculture,Agriculture,"[""Biology"",""Chemistry""]",6,4 years,"Sustainable farming, agribusiness and livestock",Agriculture,1773752031,5,2,degree,"[""English Language"",""Mathematics"",""Science""]",Bulawayo,
284,Solusi University,BSc Computer Science,Technology,"[""Mathematics"",""Physics""]",7,4 years,"Programming, databases and IT ethics",Technology,1773752031,5,2,degree,"[""English Language"",""Mathematics"",""Science""]",Bulawayo,
285,Solusi University,BSc Psychology,Social Sciences,"[""Biology"",""English Literature""]",6,4 years,"Counseling, research methods and mental health",Healthcare,1773752031,5,2,degree,"[""English Language""]",Bulawayo,
286,Bulawayo Teachers' College,Diploma in Primary Education,Education,[],0,3 years,General primary teaching with practicals,Education,1773752031,5,0,diploma,"[""English Language"",""Mathematics""]",Bulawayo,
287,Bulawayo Teachers' College,Diploma in Early Childhood Development,Education,[],0,3 years,"ECD methods, play and child assessment",Education,1773752031,5,0,diploma,"[""English Language"",""Mathematics""]",Bulawayo,
288,Gweru Teachers' College,Diploma in Secondary Education (Maths),Education,[],0,3 years,"Teaching mathematics, lesson planning and assessment",Education,1773752031,5,0,diploma,"[""English Language"",""Mathematics"",""Science""]",Gweru,
289,Gweru Teachers' College,Diploma in Secondary Education (English),Education,[],0,3 years,"Literature, grammar and composition teaching",Education,1773752031,5,0,diploma,"[""English Language"",""Mathematics""]",Gweru,
290,Mutare Teachers' College,Diploma in ICT in Education,Education,[],0,3 years,"EdTech, digital resources and classroom software",Education,1773752031,5,0,diploma,"[""English Language"",""Mathematics""]",Mutare,
291,Morgenster Teachers' College,Diploma in Secondary Education (Science),Education,[],0,3 years,"Biology, Chemistry and practical teaching",Education,1773752031,5,0,diploma,"[""English Language"",""Mathematics"",""Science""]",Masvingo,
292,United College of Education,Diploma in Primary Education,Education,[],0,3 years,"Multi-grade teaching, literacy and numeracy",Education,1773752031,5,0,diploma,"[""English Language"",""Mathematics""]",Bulawayo,
293,United College of Education,Diploma in Special Education,Education,[],0,3 years,"Inclusion, assistive tech and learning disabilities",Education,1773752031,5,0,diploma,"[""English Language"",""Mathematics""]",Bulawayo,
294,NUST,BSc Software Engineering,Technology,"[""Mathematics"",""Physics""]",10,4 years,"Agile development, testing and project management",Technology,1773752031,5,2,degree,"[""English Language"",""Mathematics"",""Science""]",Bulawayo,
295,NUST,BSc Architecture,Engineering,"[""Mathematics"",""Physics""]",12,5 years,"Design, building technology and environmental science",Engineering,1773752031,5,2,degree,"[""English Language"",""Mathematics"",""Science""]",Bulawayo,
296,UZ,BSc Geography & Environmental Science,Science,"[""Geography"",""Biology""]",7,4 years,"Climate, land use and resource management",Agriculture,1773752031,5,2,degree,"[""English Language"",""Mathematics"",""Geography""]",Harare,
297,UZ,BSc Politics & Public Management,Social Sciences,"[""History"",""English Literature""]",6,4 years,"Governance, policy analysis and elections",Social Sciences,1773752031,5,2,degree,"[""English Language""]",Harare,
298,Midlands State University,BSc Forensic Accounting,Business,"[""Mathematics"",""Accounts""]",9,4 years,"Fraud detection, auditing and legal procedures",Business & Finance,1773752031,5,2,degree,"[""English Language"",""Mathematics""]",Gweru,
299,Chinhoyi University of Technology,BSc Digital Forensics,Technology,"[""Mathematics"",""Physics""]",9,4 years,"Cybercrime investigation, evidence recovery and law",Technology,1773752031,5,2,degree,"[""English Language"",""Mathematics"",""Science""]",Chinhoyi,
300,Harare Institute of Technology,BSc Actuarial Science,Business,"[""Mathematics"",""Statistics""]",13,4 years,"Risk modeling, life contingencies and finance",Business & Finance,1773752031,5,2,degree,"[""English Language"",""Mathematics""]",Harare,
301,Lupane State University,BSc Mining Engineering,Engineering,"[""Mathematics"",""Physics""]",11,5 years,"Rock mechanics, ventilation and mine planning",Engineering,1773752031,5,2,degree,"[""English Language"",""Mathematics"",""Science""]",Lupane,
302,Africa University,BSc Informatics,Technology,"[""Mathematics"",""Accounts""]",7,4 years,"Health informatics, e-government and data systems",Technology,1773752031,5,2,degree,"[""English Language"",""Mathematics""]",Mutare,
303,Great Zimbabwe University,BSc Library & Museum Studies,Humanities,"[""History"",""English Literature""]",6,4 years,"Archives, curation and digital preservation",Social Sciences,1773752031,5,2,degree,"[""English Language""]",Masvingo,
304,TelOne Centre for Learning,Diploma in Network Administration,Technology,[],0,3 years,"Routing, switching, server config and security",Technology,1773820276,5,0,diploma,"[""English Language"",""Mathematics"",""Science""]",Harare,
305,TelOne Centre for Learning,Short Course in MS Office,Technology,[],0,1 month,"Word, Excel, PowerPoint and Outlook",Technology,1773820276,0,0,short_course,"[""None""]",Online,
306,Bulawayo Polytechnic,National Diploma in Automotive Engineering,Engineering,[],0,3 years,"Engine repair, diagnostics and electronics",Engineering,1773752031,5,0,diploma,"[""English Language"",""Mathematics"",""Science""]",Bulawayo,
307,Harare Polytechnic,National Diploma in Print Media,Arts,[],0,3 years,"Offset printing, prepress and finishing",Media & Communication,1773752031,5,0,diploma,"[""English Language""]",Harare,
308,Kwekwe Polytechnic,National Diploma in Energy Engineering,Engineering,[],0,3 years,"Power generation, renewables and efficiency",Engineering,1773752031,5,0,diploma,"[""English Language"",""Mathematics"",""Science""]",Kwekwe,
309,Masvingo Polytechnic,National Diploma in Agribusiness,Business,[],0,3 years,"Farm management, marketing and value addition",Business & Finance,1773752031,5,0,diploma,"[""English Language"",""Mathematics""]",Masvingo,
310,Catholic University of Zimbabwe,BSc Procurement,Business,"[""Mathematics"",""Accounts""]",7,4 years,"Purchasing, contracts and supply chain law",Business & Finance,1773752031,5,2,degree,"[""English Language"",""Mathematics""]",Harare,
311,Womens University in Africa,BSc Monitoring & Evaluation,Social Sciences,"[""Mathematics"",""English Literature""]",6,4 years,"Logframes, indicators and impact assessment",Social Sciences,1773752031,5,2,degree,"[""English Language"",""Mathematics""]",Harare,
312,Reformed Church University,BCom Cooperatives Management,Business,"[""Mathematics"",""Accounts""]",5,4 years,"Member-based organizations, governance and finance",Business & Finance,1773752031,5,2,degree,"[""English Language"",""Mathematics""]",Masvingo,
313,Bindura University of Science Education,BSc Physics with Electronics,Science,"[""Mathematics"",""Physics""]",10,4 years,"Circuits, telecommunications and instrumentation",Technology,1773752031,5,2,degree,"[""English Language"",""Mathematics"",""Science""]",Bindura,
314,Midlands State University,BSc Speech Therapy,Medicine,"[""Biology"",""English Literature""]",9,4 years,"Communication disorders, audiology and rehabilitation",Healthcare,1773752031,5,2,degree,"[""English Language"",""Mathematics"",""Science""]",Gweru,
315,NUST,BSc Construction Management,Engineering,"[""Mathematics"",""Physics""]",9,4 years,"Site management, building codes and safety",Engineering,1773752031,5,2,degree,"[""English Language"",""Mathematics"",""Science""]",Bulawayo,
316,UZ,BSc Sociology,Social Sciences,"[""English Literature"",""History""]",6,4 years,"Social inequality, family and community research",Social Sciences,1773752031,5,2,degree,"[""English Language""]",Harare,
317,Chinhoyi University of Technology,BSc Security Management,Business,"[""Mathematics"",""Accounts""]",7,4 years,"Corporate security, risk assessment and investigations",Business & Finance,1773752031,5,2,degree,"[""English Language"",""Mathematics""]",Chinhoyi,
318,Harare Institute of Technology,BSc Bioinformatics,Science,"[""Biology"",""Chemistry""]",10,4 years,"Genomics, drug design and computational biology",Technology,1773752031,5,2,degree,"[""English Language"",""Mathematics"",""Science""]",Harare,
319,Lupane State University,BSc Soil Science,Agriculture,"[""Biology"",""Chemistry""]",6,4 years,"Fertility, conservation and land management",Agriculture,1773752031,5,2,degree,"[""English Language"",""Mathematics"",""Science""]",Lupane,
320,Africa University,BSc Development Studies,Social Sciences,"[""History"",""Geography""]",6,4 years,"NGOs, project cycles and sustainable goals",Social Sciences,1773752031,5,2,degree,"[""English Language""]",Mutare,
321,Great Zimbabwe University,BSc Media & Society,Arts,"[""English Literature"",""History""]",6,4 years,"Media effects, ethics and digital culture",Media & Communication,1773752031,5,2,degree,"[""English Language""]",Masvingo,
322,TelOne Centre for Learning,Diploma in Database Administration,Technology,[],0,3 years,"SQL, backup/recovery and performance tuning",Technology,1773820276,5,0,diploma,"[""English Language"",""Mathematics"",""Science""]",Harare,
323,Solusi University,BCom Marketing,Business,"[""Mathematics"",""Accounts""]",6,4 years,"Consumer behavior, branding and digital strategy",Business & Finance,1773752031,5,2,degree,"[""English Language"",""Mathematics""]",Bulawayo,
324,Solusi University,BSc Environmental Science,Science,"[""Biology"",""Chemistry""]",7,4 years,"Pollution control, EIA and conservation",Agriculture,1773752031,5,2,degree,"[""English Language"",""Mathematics"",""Science""]",Bulawayo,
325,Bulawayo Polytechnic,National Diploma in Applied Biology,Science,[],0,3 years,"Microbiology, ecology and lab techniques",Science,1773752031,5,0,diploma,"[""English Language"",""Mathematics"",""Science""]",Bulawayo,
326,Harare Polytechnic,National Diploma in Social Work,Social Sciences,[],0,3 years,"Casework, community outreach and counseling",Social Sciences,1773752031,5,0,diploma,"[""English Language""]",Harare,
327,Kwekwe Polytechnic,National Diploma in Project Management,Business,[],0,3 years,"Planning, budgeting and reporting",Business & Finance,1773752031,5,0,diploma,"[""English Language"",""Mathematics""]",Kwekwe,
328,Masvingo Polytechnic,National Diploma in Early Childhood Education,Education,[],0,3 years,"Play-based learning, child safety and assessment",Education,1773752031,5,0,diploma,"[""English Language"",""Mathematics""]",Masvingo,
329,Mutare Teachers' College,Diploma in Primary Education (Shona Medium),Education,[],0,3 years,"Bilingual teaching, local curriculum and literacy",Education,1773752031,5,0,diploma,"[""English Language"",""Mathematics""]",Mutare,
330,Gweru Teachers' College,Diploma in Secondary Education (Commerce),Education,[],0,3 years,"Accounting, business studies and entrepreneurship",Education,1773752031,5,0,diploma,"[""English Language"",""Mathematics""]",Gweru,
331,Zimbabwe Open University,BSc Youth Development,Social Sciences,[],0,4 years,"Youth policy, empowerment and leadership",Social Sciences,1773752031,5,2,degree,"[""English Language""]",All Provinces,
332,Zimbabwe Open University,BSc Disaster & Risk Management,Social Sciences,[],0,4 years,"Early warning, recovery and humanitarian aid",Social Sciences,1773752031,5,2,degree,"[""English Language"",""Geography""]",All Provinces,
333,NUST,BSc Land Surveying,Engineering,"[""Mathematics"",""Physics""]",10,4 years,"GPS, cadastral mapping and geodesy",Engineering,1773752031,5,2,degree,"[""English Language"",""Mathematics"",""Science""]",Bulawayo,
334,UZ,BSc Crop Protection,Agriculture,"[""Biology"",""Chemistry""]",8,4 years,"Pest control, plant pathology and integrated mgt",Agriculture,1773752031,5,2,degree,"[""English Language"",""Mathematics"",""Science""]",Harare,
335,Midlands State University,BCom Real Estate,Business,"[""Mathematics"",""Accounts""]",7,4 years,"Property valuation, agency and facilities mgt",Business & Finance,1773752031,5,2,degree,"[""English Language"",""Mathematics""]",Gweru,
336,Chinhoyi University of Technology,BSc Food Science & Tech,Science,"[""Biology"",""Chemistry""]",8,4 years,"Processing, safety and quality systems",Agriculture,1773752031,5,2,degree,"[""English Language"",""Mathematics"",""Science""]",Chinhoyi,
337,Harare Institute of Technology,BSc Materials Engineering,Engineering,"[""Physics"",""Chemistry""]",11,4 years,"Metals, polymers, ceramics and composites",Engineering,1773752031,5,2,degree,"[""English Language"",""Mathematics"",""Science""]",Harare,
338,Africa University,BSc Peace & Conflict Studies,Social Sciences,"[""History"",""English Literature""]",7,4 years,"Mediation, reconciliation and peacebuilding",Social Sciences,1773752031,5,2,degree,"[""English Language""]",Mutare,
339,Great Zimbabwe University,BCom Retail Management,Business,"[""Mathematics"",""Accounts""]",6,4 years,"Merchandising, store ops and customer service",Business & Finance,1773752031,5,2,degree,"[""English Language"",""Mathematics""]",Masvingo,
340,TelOne Centre for Learning,Advanced Diploma in Cybersecurity,Technology,[],0,2 years,"Penetration testing, SOC and incident response",Technology,1773820276,5,0,diploma,"[""Diploma in IT""]",Harare,
341,Bindura University of Science Education,BSc Sports Science,Science,"[""Biology"",""Physical Education""]",6,4 years,"Coaching, physiology and sports psychology",Healthcare,1773752031,5,2,degree,"[""English Language"",""Mathematics""]",Bindura,
342,Solusi University,BCom Human Resources,Business,"[""Mathematics"",""Accounts""]",6,4 years,"Recruitment, labor law and performance mgt",Business & Finance,1773752031,5,2,degree,"[""English Language"",""Mathematics""]",Bulawayo,
343,Catholic University of Zimbabwe,BSc Information Technology,Technology,"[""Mathematics"",""Physics""]",8,4 years,"Programming, networks and database systems",Technology,1773752031,5,2,degree,"[""English Language"",""Mathematics"",""Science""]",Harare,
344,Womens University in Africa,BSc Public Health,Medicine,"[""Biology"",""Chemistry""]",8,4 years,"Health promotion, epidemiology and policy",Healthcare,1773752031,5,2,degree,"[""English Language"",""Mathematics"",""Science""]",Harare,
345,Reformed Church University,BSc Agriculture Economics,Agriculture,"[""Mathematics"",""Accounts""]",6,4 years,"Farm finance, markets and rural development",Agriculture,1773752031,5,2,degree,"[""English Language"",""Mathematics""]",Masvingo,
346,Lupane State University,BSc Veterinary Nursing,Medicine,"[""Biology"",""Chemistry""]",7,4 years,"Animal health, surgery assisting and lab work",Healthcare,1773752031,5,2,degree,"[""English Language"",""Mathematics"",""Science""]",Lupane,
347,NUST,BSc Surveying & Geoinformatics,Engineering,"[""Mathematics"",""Geography""]",10,4 years,"GIS, remote sensing and land administration",Engineering,1773752031,5,2,degree,"[""English Language"",""Mathematics"",""Geography""]",Bulawayo,
348,UZ,BSc Animal Production,Agriculture,"[""Biology"",""Chemistry""]",7,4 years,"Livestock breeding, nutrition and health",Agriculture,1773752031,5,2,degree,"[""English Language"",""Mathematics"",""Science""]",Harare,
349,Midlands State University,BSc Social Anthropology,Social Sciences,"[""History"",""English Literature""]",5,4 years,"Culture, rituals and ethnographic research",Social Sciences,1773752031,5,2,degree,"[""English Language""]",Gweru,
350,Chinhoyi University of Technology,BSc Logistics Management,Business,"[""Mathematics"",""Accounts""]",7,4 years,"Warehousing, transport and inventory control",Business & Finance,1773752031,5,2,degree,"[""English Language"",""Mathematics""]",Chinhoyi,
351,Harare Institute of Technology,BSc Mechatronics Engineering,Engineering,"[""Mathematics"",""Physics""]",12,5 years,"Robotics, automation and control systems",Engineering,1773752031,5,2,degree,"[""English Language"",""Mathematics"",""Science""]",Harare,
352,Great Zimbabwe University,BSc Cultural Tourism,Arts,"[""History"",""Geography""]",6,4 years,"Heritage sites, tour guiding and interpretation",Business & Finance,1773752031,5,2,degree,"[""English Language"",""Geography""]",Masvingo,
353,TelOne Centre for Learning,Diploma in IT Support,Technology,[],0,3 years,"Helpdesk, hardware repair and troubleshooting",Technology,1773820276,5,0,diploma,"[""English Language"",""Mathematics"",""Science""]",Bulawayo,
354,Bulawayo Polytechnic,National Diploma in Ceramics,Arts,[],0,3 years,"Pottery, glazing and kiln operation",Media & Communication,1773752031,5,0,diploma,"[""English Language""]",Bulawayo,
355,Harare Polytechnic,National Diploma in Journalism & Broadcasting,Arts,[],0,3 years,"News writing, radio/TV production and ethics",Media & Communication,1773752031,5,0,diploma,"[""English Language""]",Harare,
356,Kwekwe Polytechnic,National Diploma in Textile Technology,Arts,[],0,3 years,"Weaving, dyeing and quality testing",Media & Communication,1773752031,5,0,diploma,"[""English Language""]",Kwekwe,
357,Masvingo Polytechnic,National Diploma in Community Development,Social Sciences,[],0,3 years,"Participatory planning, NGOs and fundraising",Social Sciences,1773752031,5,0,diploma,"[""English Language""]",Masvingo,
358,Zimbabwe Open University,Diploma in Gender Studies,Social Sciences,[],0,2 years,"Gender analysis, policy and advocacy",Social Sciences,1773752031,5,0,diploma,"[""English Language""]",All Provinces,
359,Bindura University of Science Education,BSc Natural Resources Management,Agriculture,"[""Biology"",""Geography""]",7,4 years,"Forestry, wildlife and water resources",Agriculture,1773752031,5,2,degree,"[""English Language"",""Mathematics"",""Science""]",Bindura,
360,NUST,BSc Metallurgical Engineering,Engineering,"[""Chemistry"",""Physics""]",12,5 years,"Mineral processing, extractive metallurgy and refining",Engineering,1773752031,5,2,degree,"[""English Language"",""Mathematics"",""Science""]",Bulawayo,
361,UZ,BSc Rural & Urban Planning,Social Sciences,"[""Geography"",""Mathematics""]",8,4 years,"Land use, zoning and development control",Engineering,1773752031,5,2,degree,"[""English Language"",""Mathematics"",""Geography""]",Harare,
362,Africa University,BSc Accounting & Finance,Business,"[""Mathematics"",""Accounts""]",8,4 years,"Auditing, taxation and financial reporting",Business & Finance,1773752031,5,2,degree,"[""English Language"",""Mathematics""]",Mutare,
363,Chinhoyi University of Technology,BSc Industrial Engineering,Engineering,"[""Mathematics"",""Physics""]",10,4 years,"Optimization, production planning and ergonomics",Engineering,1773752031,5,2,degree,"[""English Language"",""Mathematics"",""Science""]",Chinhoyi,
364,Midlands State University,BSc Consumer Science,Business,"[""Mathematics"",""English Literature""]",5,4 years,"Retail behavior, product testing and safety",Business & Finance,1773752031,5,2,degree,"[""English Language"",""Mathematics""]",Gweru,
365,Lupane State University,BSc Ecotourism,Business,"[""Geography"",""Biology""]",6,4 years,"Sustainable travel, guide training and conservation",Business & Finance,1773752031,5,2,degree,"[""English Language"",""Mathematics"",""Geography""]",Lupane,
366,Harare Institute of Technology,BSc Telecommunication Engineering,Engineering,"[""Mathematics"",""Physics""]",12,5 years,"5G, fiber optics and network planning",Engineering,1773752031,5,2,degree,"[""English Language"",""Mathematics"",""Science""]",Harare,
367,Solusi University,BCom Economics,Business,"[""Mathematics"",""Accounts""]",7,4 years,"Micro, macro and development economics",Business & Finance,1773752031,5,2,degree,"[""English Language"",""Mathematics""]",Bulawayo,
368,Great Zimbabwe University,BSc Heritage & Museum Studies,Humanities,"[""History"",""Geography""]",6,4 years,"Conservation, curation and exhibition design",Social Sciences,1773752031,5,2,degree,"[""English Language"",""History""]",Masvingo,
369,TelOne Centre for Learning,Certificate in Python Programming,Technology,[],0,6 months,"Basics, loops, functions and file handling",Technology,1773820276,5,0,certificate,"[""English Language"",""Mathematics""]",Online,
370,Bulawayo Polytechnic,National Diploma in Clothing Design,Arts,[],0,3 years,"Pattern drafting, sewing and fashion illustration",Media & Communication,1773752031,5,0,diploma,"[""English Language""]",Bulawayo,
371,Harare Polytechnic,National Diploma in Purchasing & Supply,Business,[],0,3 years,"Procurement, tendering and supplier relations",Business & Finance,1773752031,5,0,diploma,"[""English Language"",""Mathematics""]",Harare,
372,Kwekwe Polytechnic,National Diploma in Mining Engineering,Engineering,[],0,3 years,"Rock breaking, ventilation and safety",Engineering,1773752031,5,0,diploma,"[""English Language"",""Mathematics"",""Science""]",Kwekwe,
373,Masvingo Polytechnic,National Diploma in Journalism,Arts,[],0,3 years,"Reporting, editing and media law",Media & Communication,1773752031,5,0,diploma,"[""English Language""]",Masvingo,
374,Mutare Teachers' College,Diploma in Secondary Education (Geography),Education,[],0,3 years,"Mapwork, GIS and environmental teaching",Education,1773752031,5,0,diploma,"[""English Language"",""Geography""]",Mutare,
375,Gweru Teachers' College,Diploma in Early Childhood Development,Education,[],0,3 years,"Play, assessment and parent collaboration",Education,1773752031,5,0,diploma,"[""English Language"",""Mathematics""]",Gweru,
376,Zimbabwe Open University,BSc Community Health,Medicine,[],0,4 years,"Epidemiology, health promotion and nutrition",Healthcare,1773752031,5,2,degree,"[""English Language"",""Science""]",All Provinces,
377,NUST,BSc Biochemistry,Science,"[""Biology"",""Chemistry""]",10,4 years,"Metabolism, enzymology and molecular biology",Science,1773752031,5,2,degree,"[""English Language"",""Mathematics"",""Science""]",Bulawayo,
378,UZ,BSc Horticulture,Agriculture,"[""Biology"",""Chemistry""]",7,4 years,"Vegetables, fruits, nursery management and floriculture",Agriculture,1773752031,5,2,degree,"[""English Language"",""Mathematics"",""Science""]",Harare,
379,Midlands State University,BSc Library & Information Studies,Humanities,"[""English Literature"",""History""]",5,4 years,"Digital archiving, classification and reference",Social Sciences,1773752031,5,2,degree,"[""English Language""]",Gweru,
380,Chinhoyi University of Technology,BSc Forensic Investigation,Social Sciences,"[""Biology"",""Chemistry""]",9,4 years,"Crime scene analysis, evidence handling and law",Social Sciences,1773752031,5,2,degree,"[""English Language"",""Mathematics"",""Science""]",Chinhoyi,
381,Harare Institute of Technology,BSc Applied Mathematics,Science,"[""Mathematics"",""Physics""]",10,4 years,"Modeling, simulation and data science",Science,1773752031,5,2,degree,"[""English Language"",""Mathematics"",""Science""]",Harare,
382,Africa University,BSc Counselling Psychology,Social Sciences,"[""Biology"",""English Literature""]",7,4 years,"Therapeutic techniques, ethics and mental health",Healthcare,1773752031,5,2,degree,"[""English Language""]",Mutare,
383,Great Zimbabwe University,BSc Records & Archives Management,Humanities,"[""History"",""English Literature""]",6,4 years,"File management, digitization and preservation",Social Sciences,1773752031,5,2,degree,"[""English Language""]",Masvingo,
384,TelOne Centre for Learning,Diploma in Web Development,Technology,[],0,3 years,"HTML, CSS, JavaScript, PHP and databases",Technology,1773820276,5,0,diploma,"[""English Language"",""Mathematics"",""Science""]",Harare,
385,Bindura University of Science Education,BSc Geography & Environmental Science,Science,"[""Geography"",""Biology""]",7,4 years,"Climate, hydrology and conservation",Agriculture,1773752031,5,2,degree,"[""English Language"",""Mathematics"",""Geography""]",Bindura,
386,Solusi University,BSc Community Development,Social Sciences,"[""English Literature"",""History""]",5,4 years,"NGOs, project cycle and advocacy",Social Sciences,1773752031,5,2,degree,"[""English Language""]",Bulawayo,
387,Catholic University of Zimbabwe,BSc Procurement & Logistics,Business,"[""Mathematics"",""Accounts""]",7,4 years,"Supply chain, contracts and inventory",Business & Finance,1773752031,5,2,degree,"[""English Language"",""Mathematics""]",Harare,
388,Womens University in Africa,BSc Disaster Management,Social Sciences,"[""Geography"",""History""]",6,4 years,"Response, recovery and humanitarian systems",Social Sciences,1773752031,5,2,degree,"[""English Language"",""Geography""]",Harare,
389,Reformed Church University,BSc Peace & Governance,Social Sciences,"[""History"",""English Literature""]",5,4 years,"Conflict resolution, democracy and human rights",Social Sciences,1773752031,5,2,degree,"[""English Language""]",Masvingo,
390,Lupane State University,BSc Animal Nutrition,Agriculture,"[""Biology"",""Chemistry""]",7,4 years,"Feed formulation, digestion and livestock health",Agriculture,1773752031,5,2,degree,"[""English Language"",""Mathematics"",""Science""]",Lupane,
391,NUST,BSc Environmental Engineering,Engineering,"[""Mathematics"",""Physics""]",11,5 years,"Water treatment, waste management and remediation",Engineering,1773752031,5,2,degree,"[""English Language"",""Mathematics"",""Science""]",Bulawayo,
392,UZ,BSc Fisheries & Aquatic Sciences,Agriculture,"[""Biology"",""Chemistry""]",7,4 years,"Fish farming, limnology and aquaculture",Agriculture,1773752031,5,2,degree,"[""English Language"",""Mathematics"",""Science""]",Harare,
393,Midlands State University,BSc Media & Communication Studies,Arts,"[""English Literature"",""History""]",6,4 years,"Mass media, PR and digital communication",Media & Communication,1773752031,5,2,degree,"[""English Language""]",Gweru,
394,Chinhoyi University of Technology,BSc Information Security,Technology,"[""Mathematics"",""Physics""]",9,4 years,"Risk management, cryptography and audits",Technology,1773752031,5,2,degree,"[""English Language"",""Mathematics"",""Science""]",Chinhoyi,
395,Harare Institute of Technology,BSc Software Engineering,Technology,"[""Mathematics"",""Physics""]",10,4 years,"Agile, DevOps and full-stack development",Technology,1773752031,5,2,degree,"[""English Language"",""Mathematics"",""Science""]",Harare,
396,Great Zimbabwe University,BSc Music & Dance,Arts,"[""English Literature"",""History""]",5,4 years,"Performance, ethnomusicology and choreography",Media & Communication,1773752031,5,2,degree,"[""English Language""]",Masvingo,
397,TelOne Centre for Learning,Short Course in Excel for Business,Business,[],0,1 month,"Formulas, pivot tables and dashboards",Business & Finance,1773820276,0,0,short_course,"[""None""]",Online,
398,Bulawayo Polytechnic,National Diploma in Graphic Arts,Arts,[],0,3 years,"Illustration, typography and prepress",Media & Communication,1773752031,5,0,diploma,"[""English Language""]",Bulawayo,
399,Harare Polytechnic,National Diploma in Banking & Finance,Business,[],0,3 years,"Credit, investments and customer service",Business & Finance,1773752031,5,0,diploma,"[""English Language"",""Mathematics""]",Harare,
400,Kwekwe Polytechnic,National Diploma in Metallurgy Engineering,Engineering,[],0,3 years,"Extraction, smelting and refining",Engineering,1773752031,5,0,diploma,"[""English Language"",""Mathematics"",""Science""]",Kwekwe,
401,Masvingo Polytechnic,National Diploma in Legal Studies,Law,[],0,3 years,"Court procedures, legal writing and research",Law,1773752031,5,0,diploma,"[""English Language""]",Masvingo,
402,Zimbabwe Open University,Certificate in Counseling,Social Sciences,[],0,1 year,"Basic listening, ethics and referral",Healthcare,1773752031,5,0,certificate,"[""English Language""]",All Provinces,
403,Bindura University of Science Education,BEd Primary Education,Education,"[""English Literature"",""Mathematics""]",6,4 years,"Multi-grade teaching, literacy and numeracy",Education,1773752031,5,2,degree,"[""English Language"",""Mathematics""]",Bindura,
404,NUST,BEng Chemical Engineering,Engineering,"[""Chemistry"",""Physics""]",13,5 years,"Process design, thermodynamics and safety",Engineering,1773752031,5,2,degree,"[""English Language"",""Mathematics"",""Science""]",Bulawayo,
405,UZ,BSc Plant Breeding,Agriculture,"[""Biology"",""Chemistry""]",8,4 years,"Genetics, varietal development and biotechnology",Agriculture,1773752031,5,2,degree,"[""English Language"",""Mathematics"",""Science""]",Harare,
406,Midlands State University,BSc Marketing Management,Business,"[""Mathematics"",""Accounts""]",7,4 years,"Digital marketing, consumer behavior and branding",Business & Finance,1773752031,5,2,degree,"[""English Language"",""Mathematics""]",Gweru,
407,Chinhoyi University of Technology,BSc Software Engineering,Technology,"[""Mathematics"",""Physics""]",10,4 years,"Systems design, testing and project management",Technology,1773752031,5,2,degree,"[""English Language"",""Mathematics"",""Science""]",Chinhoyi,
408,Harare Institute of Technology,BSc Network Engineering,Technology,"[""Mathematics"",""Physics""]",10,4 years,"Routing, switching, security and wireless",Technology,1773752031,5,2,degree,"[""English Language"",""Mathematics"",""Science""]",Harare,
409,Africa University,BSc Social Protection,Social Sciences,"[""English Literature"",""History""]",6,4 years,"Safety nets, pensions and humanitarian aid",Social Sciences,1773752031,5,2,degree,"[""English Language""]",Mutare,
410,Great Zimbabwe University,BSc Criminology,Social Sciences,"[""History"",""English Literature""]",7,4 years,"Juvenile justice, forensics and rehabilitation",Social Sciences,1773752031,5,2,degree,"[""English Language""]",Masvingo,
411,Solusi University,BSc Information Technology,Technology,"[""Mathematics"",""Physics""]",7,4 years,"Database, networking and web development",Technology,1773752031,5,2,degree,"[""English Language"",""Mathematics"",""Science""]",Bulawayo,
412,TelOne Centre for Learning,Certificate in Cybersecurity,Technology,[],0,6 months,"Threats, protection and incident response",Technology,1773820276,5,0,certificate,"[""English Language"",""Mathematics""]",Online,
413,Lupane State University,BSc Water Resources Management,Agriculture,"[""Biology"",""Chemistry""]",7,4 years,"Hydrology, irrigation and water quality",Agriculture,1773752031,5,2,degree,"[""English Language"",""Mathematics"",""Science""]",Lupane,
414,NUST,BSc Urban & Regional Planning,Social Sciences,"[""Geography"",""Mathematics""]",8,4 years,"Land use, transport and sustainable growth",Engineering,1773752031,5,2,degree,"[""English Language"",""Mathematics"",""Geography""]",Bulawayo,
415,UZ,BSc Soil & Water Conservation,Agriculture,"[""Biology"",""Geography""]",7,4 years,"Erosion control, dams and land reclamation",Agriculture,1773752031,5,2,degree,"[""English Language"",""Mathematics"",""Science""]",Harare,
416,Midlands State University,BCom Office Management,Business,"[""Mathematics"",""Accounts""]",5,4 years,"Records, supervision and admin systems",Business & Finance,1773752031,5,2,degree,"[""English Language"",""Mathematics""]",Gweru,
417,Chinhoyi University of Technology,BSc Telecommunications,Technology,"[""Mathematics"",""Physics""]",9,4 years,"Mobile networks, fiber optics and IoT",Technology,1773752031,5,2,degree,"[""English Language"",""Mathematics"",""Science""]",Chinhoyi,
418,Harare Institute of Technology,BEng Mechanical Engineering,Engineering,"[""Mathematics"",""Physics""]",12,5 years,"Thermofluids, design and manufacturing",Engineering,1773752031,5,2,degree,"[""English Language"",""Mathematics"",""Science""]",Harare,
419,Great Zimbabwe University,BSc Heritage Tourism,Business,"[""History"",""Geography""]",6,4 years,"Site guiding, interpretation and conservation",Business & Finance,1773752031,5,2,degree,"[""English Language"",""Geography""]",Masvingo,
420,TelOne Centre for Learning,Diploma in IT Project Management,Business,[],0,3 years,"Agile, scrum and risk management",Business & Finance,1773820276,5,0,diploma,"[""English Language"",""Mathematics""]",Harare,
421,Bulawayo Polytechnic,National Diploma in Industrial Engineering,Engineering,[],0,3 years,"Work study, ergonomics and lean",Engineering,1773752031,5,0,diploma,"[""English Language"",""Mathematics"",""Science""]",Bulawayo,
422,Harare Polytechnic,National Diploma in Public Administration,Business,[],0,3 years,"Government procedures, policy and ethics",Social Sciences,1773752031,5,0,diploma,"[""English Language"",""Mathematics""]",Harare,
423,Kwekwe Polytechnic,National Diploma in Surveying,Engineering,[],0,3 years,"Land measurement, mapping and GPS",Engineering,1773752031,5,0,diploma,"[""English Language"",""Mathematics"",""Science""]",Kwekwe,
424,Masvingo Polytechnic,National Diploma in Library & Info Science,Humanities,[],0,3 years,"Cataloguing, digital archives and reference",Social Sciences,1773752031,5,0,diploma,"[""English Language""]",Masvingo,
425,Mutare Teachers' College,Diploma in Primary Education (English),Education,[],0,3 years,"Literacy, grammar and teaching methods",Education,1773752031,5,0,diploma,"[""English Language"",""Mathematics""]",Mutare,
426,Gweru Teachers' College,Diploma in Secondary Education (History),Education,[],0,3 years,"Heritage, civic education and lesson planning",Education,1773752031,5,0,diploma,"[""English Language"",""History""]",Gweru,
427,Zimbabwe Open University,Diploma in Social Work,Social Sciences,[],0,2 years,"Casework, community practice and ethics",Social Sciences,1773752031,5,0,diploma,"[""English Language""]",All Provinces,
428,NUST,BSc Mineral Processing,Engineering,"[""Chemistry"",""Physics""]",11,5 years,"Comminution, flotation and extractive metallurgy",Engineering,1773752031,5,2,degree,"[""English Language"",""Mathematics"",""Science""]",Bulawayo,
